{"cameraMode":{"drawMode":0,"name":"Shaded","section":"Shading Mode"},"sceneLighting":false,"audioPlay":false,"sceneViewState":{"showFog":true,"showMaterialUpdate":false,"showSkybox":true,"showFlares":true,"showImageEffects":true,"showParticleSystems":true},"in2DMode":false,"pivot":{"x":-3.179901123046875,"y":0.0437525175511837,"z":2.3429508209228517},"rotation":{"x":0.23500125110149384,"y":-0.32370126247406008,"z":0.08334068953990936,"w":0.9127184748649597},"size":6.729828834533691,"orthographic":false}