{"cameraMode":{"drawMode":0,"name":"Shaded","section":"Shading Mode"},"sceneLighting":false,"audioPlay":false,"sceneViewState":{"showFog":true,"showMaterialUpdate":false,"showSkybox":true,"showFlares":true,"showImageEffects":true,"showParticleSystems":true},"in2DMode":false,"pivot":{"x":9.517969131469727,"y":-6.996377468109131,"z":-28.08353042602539},"rotation":{"x":0.061810120940208438,"y":0.9190554022789002,"z":-0.16013135015964509,"w":0.35480931401252749},"size":14.561651229858399,"orthographic":false}